{
  "file": "tests/data/GNPS00002_A3_p.mzML",
  "query": "QUERY scaninfo(MS2DATA) WHERE MS2PROD=86.09643:TOLERANCEMZ=0.01:INTENSITYPERCENT>10",
  "row_count": 2,
  "scans": [
    50,
    101
  ],
  "per_scan": [
    {
      "scan": 50,
      "rt": 0.13335312,
      "i_sum": 211824.59375,
      "i_norm_max": 1.0,
      "precmz": 237.109270847436,
      "ms1scan": 46,
      "charge": 1
    },
    {
      "scan": 101,
      "rt": 0.27653968,
      "i_sum": 178464.453125,
      "i_norm_max": 1.0,
      "precmz": 237.109310701922,
      "ms1scan": 100,
      "charge": 1
    }
  ]
}